candidate,sync_interval_steps,training_seed,average_latency_s,throughput_mbps,jitter_s
sync_1_step,1,42,0.24230118925529628,206.07047015217114,0.10702054083778201
sync_1_step,1,1042,0.2621380408452919,195.82280085271933,0.11598727796218637
sync_1_step,1,2042,0.2391951836960433,203.83458796462992,0.10278557830488191
sync_2_steps,2,42,0.24895439910922512,198.288343156095,0.1070180429524886
sync_2_steps,2,1042,0.26064064380191887,192.37595714890932,0.12255499286213731
sync_2_steps,2,2042,0.28096585196646295,192.88194870957494,0.11926261479267442
baseline_sync_5_steps,5,42,0.25803608269105227,200.42361361686403,0.11712258793223182
baseline_sync_5_steps,5,1042,0.2565391451935309,194.61104608476023,0.11605046611067993
baseline_sync_5_steps,5,2042,0.2509966075146276,199.48046044983056,0.11463067945139374
