step,actual_latency_s,actual_throughput_mbps,resource_utilization,actual_jitter_s,mean_channel_gain,mean_packet_bits,bandwidth_sum_hz,mean_power_w,reward
1,0.21643728763089817,204.36155131162334,1.0,0.08817987850220117,2.0641711890745208e-10,849089.5395121778,20000000.0,0.09999999999999998,-10.911864381544909
2,0.20292347621328147,207.93769255031822,1.0,0.09117013152511669,2.1261144490667573e-10,780422.9421875845,20000000.0,0.09999999999999998,-10.276173810664075
3,0.20943180775225462,207.86856327286526,1.0,0.08343552103230373,2.0051282228664556e-10,846180.195395334,20000000.0,0.09999999999999998,-10.601590387612731
4,0.20674480067941609,206.45593843158514,1.0,0.07822862880747426,1.6044965686515927e-10,840081.4055535011,20000000.0,0.09999999999999998,-10.387240033970805
5,0.27601248401198963,211.8095655579171,0.97,0.12852378839597914,1.9061790804166337e-10,819276.0435781972,19400000.0,0.09999999999999998,-14.910624200599484
6,0.18900888067398913,206.79803871413412,1.0,0.1415317464678651,1.8019390401513216e-10,769385.249821944,20000000.0,0.09999999999999998,-10.560444033699458
7,0.19640900781327722,209.99031552767596,1.0,0.08225682549865647,2.0108129471481818e-10,801903.6300503474,20000000.0,0.09999999999999998,-9.870450390663862
8,0.19208681759025376,208.07954882868106,1.0,0.07997117081973205,1.7363941669088136e-10,780553.3927018583,20000000.0,0.09999999999999998,-9.694340879512687
9,0.18936841150307201,207.07405481832902,1.0,0.08899977840224778,1.8204201866867623e-10,759269.4257018147,20000000.0,0.09999999999999998,-9.558420575153601
10,0.1864755730288831,213.21236104147255,1.0,0.07032936273253311,2.239907735866451e-10,759258.6052751415,20000000.0,0.09999999999999998,-9.413778651444154
11,0.19024566005428906,211.43782582066052,1.0,0.07591270610536882,2.735429768957198e-10,753114.2929784124,20000000.0,0.09999999999999998,-9.602283002714453
12,0.21343720789255363,206.93519622918265,1.0,0.06656731193264843,1.9096460150414747e-10,844430.8136902866,20000000.0,0.09999999999999998,-10.801860394627683
13,0.20207399177998167,207.03410491146676,1.0,0.08653266089656719,2.0949115855146676e-10,811999.6455013235,20000000.0,0.09999999999999998,-10.233699588999084
14,0.19693348194715224,205.47570461451366,1.0,0.08727381658678615,1.6792546556070078e-10,789369.5714401411,20000000.0,0.09999999999999998,-9.896674097357613
15,0.21218804054845727,210.16217432714106,1.0,0.0906359617339614,2.0731350023716347e-10,868266.8705190468,20000000.0,0.09999999999999998,-10.659402027422864
16,0.1967614539352026,206.25536283647455,1.0,0.09455973504959583,1.7577703839465223e-10,791212.5410270038,20000000.0,0.09999999999999998,-9.888072696760132
17,0.2972517527062072,218.08119021230726,1.0,0.15226088807645088,1.9570170704436665e-10,777845.8049236767,20000000.0,0.09999999999999998,-16.31258763531036
18,0.20831109745822837,205.0893356462004,1.0,0.1565427845754411,1.8722639452977902e-10,812233.2782240474,20000000.0,0.09999999999999998,-11.825554872911418
19,0.19242570845047097,208.52704302771897,1.0,0.09209039444227807,2.2280797158742756e-10,762189.9514350044,20000000.0,0.09999999999999998,-9.711285422523549
20,0.20785351478537317,211.2226307286845,1.0,0.08473127490914086,2.0006446428811078e-10,834193.2537763395,20000000.0,0.09999999999999998,-10.52267573926866
21,0.20787393625115844,204.52554919430463,1.0,0.07981409666134937,2.0239082031882495e-10,830358.7950901167,20000000.0,0.09999999999999998,-10.523696812557922
22,0.20650345500376208,209.01347316793567,1.0,0.09285529319528951,1.7409092856250182e-10,816274.152513513,20000000.0,0.09999999999999998,-10.455172750188105
23,0.1925876233685235,207.88319821658092,1.0,0.08369955925593484,1.9024566292500463e-10,787885.7661494927,20000000.0,0.09999999999999998,-9.759381168426176
24,0.20345513953185315,206.04773589261563,1.0,0.0865520365503911,2.0225795497714577e-10,796783.5710731592,20000000.0,0.09999999999999998,-10.222756976592658
25,0.1925436816678117,207.77943019984832,1.0,0.0828172884221551,1.7159894907964073e-10,762712.743588664,20000000.0,0.09999999999999998,-9.717184083390585
26,0.2143182564479737,209.7566161547453,1.0,0.08548466048983192,2.1833902354735232e-10,884644.6806720209,20000000.0,0.09999999999999998,-10.805912822398685
27,0.2772586129275201,208.23302138191693,0.97,0.14689920133903267,1.7117796950447154e-10,749484.7465331479,19400000.0,0.09999999999999998,-15.052930646376005
28,0.1925589789343752,209.63882407517917,1.0,0.11747900372360616,1.809294034701654e-10,772669.9660362665,20000000.0,0.09999999999999998,-10.77794894671876
29,0.19802620408632465,205.76214921459837,1.0,0.07016249021717182,1.9306011136003522e-10,776980.6691742166,20000000.0,0.09999999999999998,-9.991310204316232
30,0.18616295299498803,205.0711226366749,1.0,0.07428058346737737,2.1983910984346786e-10,727802.0320948681,20000000.0,0.09999999999999998,-9.3981476497494
31,0.19222911532666334,205.7268640085183,1.0,0.07529932165738323,1.7197610791907998e-10,776135.1669978626,20000000.0,0.09999999999999998,-9.701455766333167
32,0.2004793930400911,209.16515165063518,1.0,0.07209060798671789,1.8510828275181805e-10,801046.786166006,20000000.0,0.09999999999999998,-10.113969652004554
33,0.21688430701835856,206.40323891395167,1.0,0.08237360212026262,2.430109563365723e-10,864150.4023780259,20000000.0,0.09999999999999998,-10.934215350917928
34,0.20600076508348691,205.62363852869862,1.0,0.08234061840299375,2.2335343938386933e-10,800807.9621093897,20000000.0,0.09999999999999998,-10.430038254174347
35,0.2067520811267218,209.80213480776226,1.0,0.06892363634041276,2.025531222337517e-10,830276.8357651328,20000000.0,0.09999999999999998,-10.387604056336091
36,0.22002716515973508,204.79174751519244,1.0,0.09183539750393437,1.875654066970773e-10,830159.5224758029,20000000.0,0.09999999999999998,-11.171358257986753
37,0.23305785780828633,207.27930619216255,1.0,0.09415673035468576,1.6892190211342238e-10,939997.8493453228,20000000.0,0.09999999999999998,-11.742892890414316
38,0.1949071271837194,206.03528214406353,1.0,0.09394344720097351,1.9610815392712742e-10,776233.329726788,20000000.0,0.09999999999999998,-9.79535635918597
39,0.188661155574345,209.52441976027055,1.0,0.08634341584844933,1.815303297992115e-10,774926.6104902177,20000000.0,0.09999999999999998,-9.483057778717251
40,0.20199125378568325,209.4808494960736,1.0,0.07460070339842262,2.430014902202379e-10,821424.2202462405,20000000.0,0.09999999999999998,-10.149562689284163
41,0.21014458708187564,205.84507735051483,1.0,0.10298641666585881,2.0844677911757434e-10,803305.598899986,20000000.0,0.09999999999999998,-10.637229354093783
42,0.19517032454224675,200.92950678091876,1.0,0.0753874316395567,1.5545901027271828e-10,760427.9013924742,20000000.0,0.09999999999999998,-9.888516227112339
43,0.2118931612207563,208.1483381943735,1.0,0.07856485656311175,2.2270458434444876e-10,826032.814474454,20000000.0,0.09999999999999998,-10.684658061037815
44,0.18840865984004335,211.54173855944362,1.0,0.07317813662876921,2.062742175592854e-10,751924.6563030058,20000000.0,0.09999999999999998,-9.510432992002167
45,0.22516027627056753,207.29074546827854,1.0,0.08576459815316627,2.0407580233949943e-10,876276.515682917,20000000.0,0.09999999999999998,-11.308013813528378
46,0.19333067198717507,207.37274252738106,1.0,0.08198369324910784,2.0818483818285604e-10,765150.1568856142,20000000.0,0.09999999999999998,-9.756533599358754
47,0.19164713950776452,208.19257061670044,1.0,0.06207646105315065,2.098876132945976e-10,739353.6340684438,20000000.0,0.09999999999999998,-9.712356975388227
48,0.1980571253361066,208.15338148855602,1.0,0.07226401378322707,2.5528656901572045e-10,773629.8345711818,20000000.0,0.09999999999999998,-10.03285626680533
49,0.19126730371099815,208.64378827107228,1.0,0.08493040709732162,1.782055099940702e-10,738631.0754501113,20000000.0,0.09999999999999998,-9.693365185549908
50,0.20473217519810863,208.47625202226135,1.0,0.08093798720684937,2.368474558265721e-10,814929.5410660751,20000000.0,0.09999999999999998,-10.406608759905431
51,0.19776225832122793,213.1445827702821,1.0,0.09004034830950942,2.3323439104530865e-10,812867.9405674486,20000000.0,0.09999999999999998,-9.978112916061397
52,0.20431603774447282,206.5436417630084,1.0,0.07446306387891674,1.806823972500916e-10,802571.2899751231,20000000.0,0.09999999999999998,-10.345801887223642
53,0.2099052774976806,201.68893482216401,1.0,0.06903535130535142,1.7094133402221123e-10,822082.4851247941,20000000.0,0.09999999999999998,-10.58526387488403
54,0.21545139197280377,206.01878705957094,1.0,0.07010384533155489,1.6358586310735408e-10,848395.4756548428,20000000.0,0.09999999999999998,-10.862569598640189
55,0.1882016603243151,208.9041134568335,1.0,0.06739756180485271,2.211163104377055e-10,768005.6586291078,20000000.0,0.09999999999999998,-9.500083016215754
56,0.19321074685472206,209.4635464866696,1.0,0.08783624197014017,2.4066648538840153e-10,790957.3731493523,20000000.0,0.09999999999999998,-9.710537342736103
57,0.21640938270025195,208.42579846423632,1.0,0.10618820700715968,2.545253680988437e-10,832890.2780027774,20000000.0,0.09999999999999998,-10.950469135012598
58,0.22811306263701003,203.48295210245976,1.0,0.09452765909433969,2.0184154221873902e-10,851385.4550993016,20000000.0,0.09999999999999998,-11.655653131850501
59,0.19751846303022697,208.689363034129,1.0,0.10403008562606471,2.1208617528280435e-10,806597.7970639293,20000000.0,0.09999999999999998,-10.045923151511348
60,0.1859294855000151,210.08547586260073,1.0,0.06454019499217421,2.425067116608537e-10,725514.0898294502,20000000.0,0.09999999999999998,-9.466474275000754
