step,was_synchronized,predicted_latency_s,actual_latency_s,predicted_throughput_mbps,actual_throughput_mbps,resource_utilization,actual_jitter_s,mean_channel_gain,mean_packet_bits,mean_sync_error_bits,bandwidth_sum_hz,mean_power_w,reward
1,False,0.3326865826002783,0.3483227571642155,157.64553159528688,153.6402510898653,1.0,0.1928185714314134,1.0047484426527397e-10,788621.56347513,288815.32472261414,20000000.0,0.10513649877537827,-17.726897379401603
2,False,0.34133467015211816,0.37800578544110425,154.05784602891723,152.85266584860813,1.0,0.136080863939767,1.0037777463495003e-10,788621.56347513,320856.89625254495,20000000.0,0.1039700351493304,-18.02126641493874
3,False,0.32752917127296427,0.33619435177555645,155.9977795823074,151.7174528273643,1.0,0.17943121426876388,1.0028144486301518e-10,788621.56347513,271681.1631413381,20000000.0,0.1031843317370845,-17.510728530305958
4,False,0.3332651994126018,0.34574118153646716,155.9178761549814,155.7820514517655,1.0,0.1385718982603025,1.0018589154020726e-10,788621.56347513,313320.9781026983,20000000.0,0.1037613804517904,-17.644144295672668
5,True,0.32986865850853936,0.2874970695773167,157.17460221677058,159.04645953739308,1.0,0.1645943172526829,1.1599723242869628e-10,788621.56347513,312268.95961248607,20000000.0,0.10224378305557223,-17.563682873525686
6,False,0.3461657400988207,0.39456051056776503,156.5045521234556,150.09933502969423,1.0,0.20551595298712907,1.1702619156747985e-10,771283.5441352561,346896.603572919,20000000.0,0.10146625762091091,-18.374860632540507
7,False,0.32056093094470456,0.34725138993351357,156.55175241343804,154.51534395377496,1.0,0.14661023876320367,1.1959466239239498e-10,759146.9305973442,298653.99746611994,20000000.0,0.10059377240663554,-17.202395319603916
8,False,0.32211352184633735,0.32745210476065884,156.51532417802213,153.4963964536029,1.0,0.13030557023537867,1.2216530376088686e-10,750651.3011208059,239678.27090101546,20000000.0,0.09946578176088826,-17.128702725278934
9,False,0.3044279432162879,0.3287609447686045,159.3202627457389,158.92411081012912,1.0,0.11140707639383603,1.246254087097117e-10,744704.3604872291,252460.88031268894,20000000.0,0.10212483829068182,-16.02145417652541
10,True,0.29845380078342104,0.33162391831102866,159.06621934007964,159.6382837635633,1.0,0.13117133596490763,1.449605298371014e-10,740541.5020437252,260332.47859089516,20000000.0,0.10264504580939349,-15.762952813052904
11,False,0.2909292443075176,0.3418169823593547,159.09782077013492,156.919381708492,1.0,0.15471634401571946,1.4634896704491407e-10,761389.5593193613,247840.82596884106,20000000.0,0.10242725615092368,-15.41121483904789
12,False,0.3028635719974011,0.3310344977993831,161.0653012328379,159.4706638015874,1.0,0.11578697558886647,1.4749914815185064e-10,775983.1994123063,223036.00742358845,20000000.0,0.10314508737686491,-15.969253724711118
13,False,0.3146238464980152,0.31510811112172415,161.2915159936834,164.35436278512253,1.0,0.11252393002576955,1.483757943921459e-10,786198.7474773679,236243.5861250202,20000000.0,0.10186153008206787,-16.47911061314051
14,False,0.31694224733190185,0.29508104748041963,163.1346454387653,164.99143886693713,1.0,0.11733196074390287,1.4912802736805671e-10,793349.631122911,265141.5701722516,20000000.0,0.10388137365344279,-16.6773142600625
15,True,0.3211344552845323,0.34703765101930245,163.3892041671414,156.84367816457964,1.0,0.14930183350384382,1.2939143982212151e-10,798355.2496747912,320531.26856028923,20000000.0,0.10353962368462877,-16.977059982857213
16,False,0.33373788791149556,0.34575370295395674,157.3625851142172,162.45443531852538,1.0,0.1566217502516596,1.2989867085176383e-10,805253.7417803685,310907.6060095115,20000000.0,0.10413760882210665,-17.780623414236736
17,False,0.338144442867897,0.3162450013509176,154.98693778237663,155.62762434006314,1.0,0.13969117013694102,1.3036433996804139e-10,810082.6862542725,273420.585340879,20000000.0,0.10254876687702072,-17.970082795613084
18,False,0.33233702854155267,0.3177283458129715,159.73647841367355,163.91523468664752,1.0,0.10976969883844384,1.309438731862736e-10,813462.9473860054,180893.63724419498,20000000.0,0.10717859388814828,-17.564880053211954
19,False,0.3340570103545254,0.3374418707997255,159.82447739432877,162.79180165366336,1.0,0.11627378995544901,1.3169783571095475e-10,815829.1301782186,266402.1986243432,20000000.0,0.10570437805673613,-17.360995323142745
20,True,0.33462543477776274,0.3468107618222161,157.89688389457072,157.96139426702285,1.0,0.16937200240121783,1.5017185781455322e-10,817485.4581327677,302276.34672001464,20000000.0,0.10482605166668424,-17.656191635422548
21,False,0.3395506598686931,0.31113157424628546,159.32423271767405,164.84021792512516,1.0,0.16019540690458922,1.4917581554675927e-10,819160.4926063571,263517.3579430411,20000000.0,0.10506773822446619,-18.01468044604693
22,False,0.3402781493851191,0.35581947653627305,157.28451663768647,160.1354566450883,1.0,0.16643205442097628,1.4878970420424785e-10,820333.0167378695,280265.41906753724,20000000.0,0.10348822428828715,-17.9291433249721
23,False,0.3463938907340664,0.3256171583815021,159.55594669516796,163.96509867898897,1.0,0.09088963997034963,1.484062361213404e-10,821153.7836299285,288666.4201055322,20000000.0,0.10461359011998095,-18.287830766349366
24,False,0.3458146286758634,0.320854743593415,159.2937454066678,163.19029476425877,1.0,0.1183906929907743,1.4802573459743917e-10,821728.3204543695,233439.9906441504,20000000.0,0.1050359171105372,-18.245331955178226
25,True,0.35333783911993194,0.32853430475391415,156.83074316842217,156.18227773174394,1.0,0.13552181149997541,1.0319608856157649e-10,822130.4962314783,277877.9486055562,20000000.0,0.1049828620998436,-18.528883357809487
26,False,0.36981090041020315,0.32739330645377296,154.94841171549785,162.70954270642275,1.0,0.14968397134624883,1.0321579489769138e-10,808079.2225440193,267807.3039695749,20000000.0,0.10233548205440662,-19.450081350929725
27,False,0.3509697061320812,0.3335688531792846,155.8358516556338,161.16573423091,1.0,0.13317405267581045,1.0314649337423657e-10,798243.3309627981,262858.6704844378,20000000.0,0.10611035407688092,-18.438438308547422
28,False,0.3303388927550971,0.3197187354992689,158.41910243508948,157.9142458782357,1.0,0.13478254956690885,1.030755246595293e-10,791358.2068559432,318764.32074448577,20000000.0,0.10621046277629563,-17.391483214406872
29,False,0.3181473198279679,0.29165816885393997,160.51011950940452,164.48561961422615,1.0,0.14982596487955777,1.0300295770403135e-10,786538.6199811448,250351.13233064066,20000000.0,0.10878582520259533,-16.99789740632621
30,True,0.32347155702526187,0.29727961236161543,157.95388692305266,159.06731723631034,1.0,0.12414906942182931,1.236780740934028e-10,783164.9091687859,283650.1284912201,20000000.0,0.10708343507177942,-17.049466857332234
31,False,0.31427342446796613,0.3520127058683258,158.75881053613278,159.0573479740621,1.0,0.1463748432016742,1.2347631259126383e-10,763273.883473474,301683.3029456013,20000000.0,0.10757839953154863,-16.653867074699143
32,False,0.3053099154207316,0.37418903442330964,159.04774837419538,158.58383458977244,1.0,0.14760210911945562,1.2328047327028444e-10,749350.1654867558,255480.55244756475,20000000.0,0.10712945670817069,-16.26182082109567
33,False,0.3014011315141568,0.3535772908624629,160.54425692044728,164.35330579981581,1.0,0.19722850190393526,1.230816733571619e-10,739603.5628960528,285727.8806376239,20000000.0,0.10696916637019623,-16.00191788529158
34,False,0.2996527046613839,0.32861497019338004,160.8885167922519,164.52348475731299,1.0,0.14196444852845538,1.228800688792052e-10,732780.941082561,291858.0174789597,20000000.0,0.10647611046720577,-15.928772915295372
35,True,0.30343043176945583,0.3581600207663035,158.38541477173672,158.7702653994462,1.0,0.11462574871972164,1.2129117912057085e-10,728005.1058131168,310476.9270666398,20000000.0,0.1037499588075655,-16.175452872498322
36,False,0.29560839732733785,0.3114141505924079,160.66451029236165,161.6932148704184,1.0,0.15544952334297474,1.2110616950132172e-10,770332.4009054953,257228.22368211468,20000000.0,0.10515765983926123,-15.843239093369773
37,False,0.3195698818408071,0.3206645708688939,157.3252784612369,160.6947030922945,1.0,0.1325779654409157,1.2093142900898926e-10,799961.5074701604,240625.42597053084,20000000.0,0.10390400711957647,-16.914284294606748
38,False,0.33199490973894236,0.33053310539915537,157.72514862237222,159.58202306908714,1.0,0.16593994140072804,1.2075565005492817e-10,820701.882065426,369761.01109197503,20000000.0,0.10616452949791874,-17.484782207853982
39,False,0.34280965505492716,0.3277858945526958,157.70927592415165,156.98569668712858,1.0,0.13457566560947015,1.2057894778614078e-10,835220.1442821118,273343.74575412273,20000000.0,0.10316322641100101,-18.38756752561428
40,True,0.35198949792430084,0.33485572033165006,159.32653209675394,162.40495140752168,1.0,0.13695277044839316,1.1188752289114408e-10,845382.9278337919,277098.1762605663,20000000.0,0.10475419996743353,-18.546051201680392
41,False,0.3346338315285325,0.3570223799252213,163.04553862158352,159.9897020210562,1.0,0.12215861388397237,1.1186596608658903e-10,845071.6460199179,269753.4558021524,20000000.0,0.10506458961756994,-17.690155672049677
42,False,0.3301867639314919,0.326113212506264,165.57011987226034,166.59561729883606,1.0,0.14904345138222805,1.11847109200024e-10,844853.7487502064,237267.65930145117,20000000.0,0.10671258863327758,-17.485674040272958
43,False,0.3352581600522454,0.31940329919611904,164.53126605154753,161.91001493173474,1.0,0.13537212543692365,1.1182880276611092e-10,844701.220661408,299918.9768646014,20000000.0,0.10715130333416703,-17.63794508959639
44,False,0.3289401741580106,0.34144599669806985,163.56203196630264,162.60025134306005,1.0,0.1415938427440649,1.1181109038922601e-10,844594.4509992492,245225.66093239762,20000000.0,0.10724869773682125,-17.477879859470818
45,True,0.32762816272047773,0.304701836457837,164.5212298533209,166.65971914679676,1.0,0.14342630214945623,1.2911015246917854e-10,844519.7122357382,263741.8507633315,20000000.0,0.10669186439899576,-17.241084258637127
46,False,0.32026705326913507,0.3259793196173279,168.45214141505716,169.28777169257077,1.0,0.1155182697607438,1.2892306273625286e-10,835520.1216400134,250399.47743650517,20000000.0,0.10988909257632182,-16.932490493380325
47,False,0.3145514315836096,0.34257780732884346,169.0906488888224,166.08300065015644,1.0,0.14840648965900127,1.2873538173494938e-10,829220.4082230057,274119.9550138019,20000000.0,0.10893017056957424,-16.604535031454343
48,False,0.3162184903561627,0.33871282163267596,167.21708409451915,164.5033327784952,1.0,0.14642607109895617,1.2854798045089745e-10,824810.6088311003,257758.9202119211,20000000.0,0.10625881895872442,-16.760678786705625
49,False,0.3103601054915628,0.30968527323657735,168.33583086398852,169.83823332711307,1.0,0.13458041010739533,1.2836095241624681e-10,821723.7492567668,284162.4931708832,20000000.0,0.10648019906595373,-16.45674199977337
50,True,0.30646443827753367,0.31056748074943336,166.9538934109052,166.02788424654298,1.0,0.1441846032640329,1.6007096682694913e-10,819562.9475547333,282836.8323092994,20000000.0,0.10431497293055081,-16.34338719150097
51,False,0.30998519786079803,0.3370763315158687,169.66645474499006,173.81221349570524,1.0,0.13645808226422018,1.5996720003782268e-10,803641.9474292885,322113.0614510537,20000000.0,0.10866231705621424,-16.51745615253457
52,False,0.31136428900516044,0.3101901723008886,164.17883315663758,160.09654467855532,1.0,0.15862207765439545,1.5986340298843882e-10,792497.2473414773,200446.7667232123,20000000.0,0.10478264649456062,-16.747209090539844
53,False,0.3109245701058937,0.32605546306940963,165.49316874535384,163.99334395182504,1.0,0.13061759415308213,1.597606001802324e-10,784695.9572800095,282239.70187924104,20000000.0,0.1086756134589136,-16.30696245803418
54,False,0.3175934277145805,0.31145086428533725,164.01023457887877,167.2612053142424,1.0,0.13949717722557986,1.5965889436374662e-10,779235.0542369821,274153.48220442777,20000000.0,0.10350142472763293,-16.89342116646547
55,True,0.31610387640034054,0.3175717128421292,162.1025718474525,161.20025324996232,1.0,0.10133774484607175,1.4736064526319664e-10,775412.4221068628,313219.64762493584,20000000.0,0.10477978770678556,-16.794313345759257
56,False,0.3102368147206397,0.3254737001274951,166.7429386279584,167.31398388323754,1.0,0.14226715595640418,1.4710985078994327e-10,794883.5807409192,227406.30237810404,20000000.0,0.10492023886091668,-16.623112254290366
57,False,0.30862340579829395,0.29200505010465966,166.86386746160485,167.09457539654989,1.0,0.11869672391532825,1.4685738529155398e-10,808513.391784759,213679.66434167553,20000000.0,0.10653302703870554,-16.235081498365627
58,False,0.30643742966357157,0.324513302333091,167.16711313073247,167.53122962569222,1.0,0.12263398159547466,1.466063385901359e-10,818054.2595154468,298243.3920628155,20000000.0,0.10801846983263363,-16.043629669162634
59,False,0.30735172155412305,0.3069154065863792,166.64679760872176,164.68116435745432,1.0,0.12484909854326671,1.4635684230500786e-10,824732.866926928,281238.53665689594,20000000.0,0.10830384777745326,-16.39374860179118
60,True,0.3108356902316376,0.2889529645029047,167.269171424085,171.11637156996164,1.0,0.12749901542948452,1.26227460625531e-10,829407.8921149651,256284.7761284068,20000000.0,0.10780720725137506,-16.514558542260367
